epoch,train_loss,valid_loss,micro_f1,macro_f1,predicted_positive_total,Reentrancy_f1,Access Control_f1,Arithmetic_f1,Unchecked Return Values_f1,DoS_f1,Bad Randomness_f1,Front Running_f1,Time manipulation_f1
1,0.625456178188324,0.5254800717035929,0.6888696881627523,0.5463243085612781,7276,0.7445529676934636,0.8536146128119372,0.6363636363636364,0.6183745583038869,0.4512040557667934,0.21238938053097342,0.22559652928416488,0.628498727735369
2,0.5350210130214691,0.47855456670125324,0.7201276983885679,0.5885379312736537,7701,0.7795823665893272,0.853024453024453,0.7242183854409705,0.6707224334600761,0.5069033530571992,0.26609442060085836,0.27089337175792505,0.63686466625842
3,0.49084416776895523,0.43302075068155926,0.744544495822179,0.6185036039653906,6872,0.7810552555047776,0.8633938100320171,0.7398334149926505,0.7298578199052134,0.5572609208972846,0.271604938271605,0.34057971014492755,0.6644429619746498
4,0.4626262471079826,0.44231563806533813,0.7409215746109246,0.6123693965592634,7653,0.8010732081257186,0.8642951251646904,0.7451879010082493,0.7422096317280453,0.5520628683693517,0.25,0.27403846153846156,0.6700879765395894
5,0.4392121762037277,0.40488773584365845,0.7611975669484161,0.643453951409905,7204,0.8069758224336108,0.8667948365833561,0.7450980392156862,0.7743362831858407,0.5771543086172344,0.28158844765342955,0.3942307692307693,0.7014531043593131
6,0.4181149065494537,0.3979658782482147,0.7677973028197794,0.6527069986313969,6780,0.8054187192118226,0.8692810457516341,0.742544731610338,0.7853403141361256,0.5943396226415095,0.25949367088607594,0.4383561643835617,0.7268817204301076
7,0.4037799134850502,0.38222113251686096,0.779929721336929,0.664006142327409,6782,0.8187599364069953,0.8705114254624592,0.7581508515815086,0.7899159663865546,0.605729877216917,0.35238095238095235,0.39080459770114945,0.7257955314827353
8,0.38697805255651474,0.39362606406211853,0.773804804566717,0.6566754445578047,7158,0.8166797797010228,0.8714247527399092,0.7718808193668528,0.7387755102040816,0.6062246278755075,0.26623376623376627,0.45999999999999996,0.7221843003412969
9,0.3754172369837761,0.3995436131954193,0.7737678855325916,0.6609623684968777,7125,0.8237179487179486,0.875611080934275,0.7797998180163785,0.7510373443983402,0.6142131979695431,0.1951219512195122,0.5082872928176795,0.7399103139013452
10,0.36156845688819883,0.3855896194775899,0.7838134001252348,0.6800955600499323,7321,0.8241284763023894,0.874731182795699,0.7804655408489275,0.7855563743551952,0.5581802274715661,0.39069767441860465,0.46632124352331605,0.7606837606837606
11,0.3531170442700386,0.38654279708862305,0.7777140516181893,0.6595015791187839,6750,0.8298482984829849,0.8744369369369369,0.7619999999999999,0.7942073170731706,0.6425000000000001,0.24855491329479767,0.3952569169960475,0.729208250166334
12,0.34227310568094255,0.37307732303937274,0.7980097905465051,0.6912416829052841,7006,0.8283699059561128,0.8769562871019968,0.7921896792189679,0.8105181747873164,0.6310679611650484,0.45054945054945056,0.38490566037735846,0.7553763440860215
13,0.3318672403693199,0.37449193994204205,0.7930432020330369,0.684915962850105,7137,0.8258317025440315,0.8794133623030961,0.7838214783821479,0.807905138339921,0.6212424849699398,0.3514644351464435,0.4495412844036697,0.7601078167115903
14,0.32230617105960846,0.3798360327879588,0.7846153846153845,0.6841864892797036,6765,0.8207395498392284,0.8652440806781644,0.7746000969461949,0.7943156320119671,0.6552119129438717,0.32824427480916024,0.4971751412429378,0.7379612257661039
15,0.31212223768234254,0.3735110859076182,0.8014241786696877,0.7031159760128964,6903,0.8276947285601888,0.882273342354533,0.7853452325035227,0.796711509715994,0.6327193932827736,0.4137931034482759,0.5139664804469274,0.7724240177909563
16,0.30302668213844297,0.38244648774464923,0.7973427376363488,0.6854186441092166,6738,0.830807046292503,0.8833054159687326,0.7870669745958431,0.8125984251968503,0.6546854942233633,0.23756906077348067,0.5,0.7773167358229599
17,0.300048241019249,0.35277464985847473,0.8136778374690885,0.7285173071787795,6272,0.8354430379746836,0.8859250851305335,0.7758964143426293,0.8163580246913581,0.6567901234567901,0.49333333333333323,0.5694444444444445,0.7949479940564637
18,0.2880272209644318,0.3556225697199504,0.8086762149184535,0.7192454771653565,6624,0.8361122407482716,0.8844078386821925,0.7919020715630884,0.8118361153262519,0.6396588486140724,0.5153374233128835,0.4945054945054946,0.7802037845705967
19,0.28023559004068377,0.36577722430229187,0.8094328655650586,0.7067450980893053,6588,0.8355029585798817,0.8913464196848216,0.780952380952381,0.8071748878923768,0.6596491228070176,0.3943661971830986,0.49484536082474223,0.7901234567901235
20,0.2747469052672386,0.3556050856908162,0.8138737985791893,0.7281400104897728,6510,0.8397009966777409,0.8834951456310679,0.7938288920056101,0.8056801195814648,0.6590389016018307,0.5063291139240507,0.5419354838709678,0.7951114306254493
21,0.26825087815523146,0.3649316032727559,0.8115351993214588,0.7222430584080111,6335,0.8323301805674979,0.8897100625355315,0.7910656119125176,0.8009223674096849,0.6557377049180328,0.471264367816092,0.5531914893617023,0.7837226827430294
22,0.26373496651649475,0.3651557167371114,0.8073299334428213,0.7207637530633507,6114,0.831124412141941,0.8796025715955581,0.7761044176706826,0.8054919908466819,0.6421768707482993,0.4883720930232558,0.5512820512820513,0.7919556171983356
23,0.25517855361104014,0.36122644941012066,0.8161946074678914,0.7336690563836369,6302,0.8305732484076432,0.8921679909194097,0.7902825979176995,0.8127428127428127,0.660332541567696,0.5222929936305732,0.5673758865248227,0.793584379358438
24,0.2525930553674698,0.3689678907394409,0.8129717176743799,0.7274440365938282,6602,0.8320392317123009,0.8912360833571225,0.8009638554216868,0.8114374034003091,0.6411582213029989,0.5,0.5548387096774193,0.7878787878787878
25,0.24605000466108323,0.37748220562934875,0.804103077307981,0.7040635383196236,6536,0.82945408379179,0.8858632676709155,0.7948350071736011,0.8021390374331552,0.644559585492228,0.346774193548387,0.5342465753424658,0.7946365561044461
26,0.24104220122098924,0.3691488603750865,0.8151747655583973,0.7363181957877467,6275,0.8360790774299836,0.8888260254596888,0.7886623570363004,0.8150470219435737,0.6576271186440678,0.5839416058394161,0.5340909090909091,0.7862714508580343
27,0.23901159465312957,0.3691399097442627,0.8129692832764505,0.7211188952005785,6265,0.8346723044397463,0.886002886002886,0.7877591312931885,0.8046692607003892,0.6745283018867925,0.4719101123595506,0.5166666666666667,0.7927424982554081
28,0.23169405162334442,0.371008704106013,0.8179584921643371,0.7327130229540251,6350,0.8336079077429984,0.8918995201806379,0.7912832929782082,0.8212025316455696,0.6666666666666666,0.5228758169934641,0.5365853658536586,0.797583081570997
29,0.22647195309400558,0.36953797936439514,0.8126631304201398,0.7294301497312559,6422,0.8306900985855123,0.8893325727324586,0.7984607984607983,0.8008982035928144,0.6337880377754459,0.5153374233128835,0.5616438356164383,0.8052902277736959
30,0.22417266741394998,0.3713364899158478,0.821697467488022,0.742279376409851,6233,0.8329238329238329,0.8876146788990825,0.8044692737430167,0.8152866242038216,0.6815203145478376,0.5693430656934306,0.5507246376811594,0.7963525835866262
31,0.21928525120019912,0.38363627592722577,0.816374269005848,0.7383206431014908,6515,0.8306813545491637,0.8906605922551253,0.796477495107632,0.804248861911988,0.6681465038845728,0.5454545454545455,0.5697674418604651,0.8011283497884343
32,0.21167982518672943,0.37793295582135517,0.8139321723189734,0.7327225205950288,6546,0.8320987654320988,0.88692175899486,0.8037735849056604,0.7946026986506746,0.6559485530546623,0.5673758865248227,0.53125,0.7898089171974522
33,0.20869126841425895,0.38978174328804016,0.816353554580816,0.7305592878539734,6628,0.8385245901639345,0.8908223407241088,0.8052681091251177,0.812206572769953,0.6536796536796537,0.5,0.5620915032679737,0.7818815331010452
34,0.20442151352763177,0.3909422655900319,0.8196421140241366,0.7346040120406392,6560,0.8320579943616594,0.8902093944538766,0.8091533180778032,0.8064024390243902,0.6808009422850412,0.5,0.5620915032679737,0.7961165048543688
35,0.20289065018296243,0.3888186812400818,0.8173539518900343,0.7276550162345713,6185,0.8376651043885811,0.8843732112192328,0.8054342552159146,0.8098159509202454,0.6819747416762342,0.48000000000000004,0.5333333333333333,0.7886435331230285
36,0.1981490932404995,0.3904540141423543,0.823757149142103,0.748310686308401,5910,0.8367258553486357,0.8867052023121387,0.798992443324937,0.8169464428457234,0.6882591093117408,0.5857142857142857,0.5669291338582677,0.8062130177514794
37,0.19283875524997712,0.393551766872406,0.8218895198760972,0.7432111568323897,6167,0.8379549393414212,0.8876600698486612,0.8055555555555555,0.8018575851393189,0.6922094508301406,0.5694444444444445,0.549618320610687,0.8013888888888889
38,0.18811627924442292,0.3908661901950836,0.827165868524162,0.7482333499206333,6030,0.8378494623655915,0.8906835881165273,0.8080708661417322,0.8238095238095238,0.6944444444444444,0.5578231292517007,0.5645161290322581,0.8086696562032885
39,0.1872705787420273,0.39733728766441345,0.8259414943810586,0.7522127014546368,6202,0.8422381152713504,0.8922377025874325,0.8063397721644379,0.8130841121495328,0.6861313868613139,0.6290322580645161,0.5414364640883977,0.8072018004501125
40,0.18102958500385286,0.3983309070269267,0.8219368274904547,0.7503701590437528,6069,0.8351177730192719,0.8819767441860464,0.8097560975609756,0.8203125,0.6771844660194175,0.6290322580645161,0.5528455284552845,0.7967359050445104
41,0.18057555481791496,0.3925262788931529,0.8262838588396137,0.7552709285833018,6248,0.8411060668592654,0.8895917193789534,0.8107838242636045,0.8249400479616307,0.6771300448430493,0.6190476190476191,0.5714285714285715,0.8081395348837208
42,0.17753549218177794,0.40925907095273334,0.8251687727194045,0.7442541994886385,6099,0.8372867249271744,0.8896591565569035,0.806896551724138,0.8215434083601285,0.7019867549668874,0.5755395683453238,0.5228758169934641,0.7982456140350876
43,0.17235629707574845,0.41821200648943585,0.8216446527481891,0.7444431244511759,6280,0.8374468085106384,0.8865920183749642,0.8005464480874316,0.8184713375796178,0.6972704714640199,0.5755395683453238,0.5411764705882354,0.798501872659176
44,0.1737903669476509,0.4069644709428151,0.8198347107438018,0.7390945509744897,6040,0.8393162393162392,0.888042203985932,0.8040712468193384,0.819376026272578,0.6697892271662763,0.5121951219512196,0.5822784810126582,0.7976878612716762
45,0.16777133494615554,0.4233372211456299,0.824228028503563,0.7359166569841555,6333,0.8375266524520256,0.8895281933256617,0.8173750583839328,0.8214849921011058,0.6885245901639344,0.4941176470588235,0.5401459854014597,0.7986301369863014
46,0.16275502145290374,0.40437792738278705,0.8211382113821137,0.7544436952961503,6107,0.8367697594501718,0.8773584905660377,0.8119864668922185,0.8160642570281126,0.6773823191733641,0.6507936507936508,0.5571428571428572,0.8080517613227893
47,0.16133927553892136,0.4152999718983968,0.8233026719229084,0.7570599171081503,5960,0.8345384942577626,0.875482912332838,0.8075435203094777,0.8216810683424981,0.6930693069306931,0.6666666666666666,0.540983606557377,0.8165137614678899
48,0.15981591790914534,0.42519571383794147,0.8257456828885401,0.7460982900929096,6011,0.8380462724935733,0.8877878169629845,0.81123706259241,0.8252427184466019,0.6845310596833131,0.6046511627906977,0.5120000000000001,0.8052902277736959
49,0.15570547208189964,0.42769258220990497,0.8275011018069633,0.7577490925755603,5890,0.838818565400844,0.8842592592592592,0.8044466902475998,0.8245901639344262,0.6990553306342782,0.64,0.5555555555555556,0.815267175572519
50,0.15145615860819817,0.4477565685908,0.822017082218963,0.7459005348659922,6136,0.8368489022815326,0.886002886002886,0.8086330935251799,0.8191403081914032,0.6832018038331455,0.5714285714285714,0.5616438356164383,0.8003048780487806
51,0.15025201290845872,0.4417344431082408,0.8229249712109133,0.747793030215627,5834,0.8367521367521369,0.8807285546415982,0.8072584600294261,0.8153078202995009,0.687248322147651,0.5755395683453238,0.5714285714285714,0.8080808080808081
52,0.14983536452054977,0.43455461661020917,0.8276711846505896,0.7669463425847911,5907,0.8378728923476004,0.8887601390498262,0.7928753180661577,0.82015503875969,0.7183271832718326,0.6846846846846846,0.5801526717557253,0.8127428127428127
53,0.1454497143626213,0.45642006397247314,0.8220716705295061,0.751990197703726,5763,0.8316303864948912,0.8795468097793678,0.8007968127490039,0.8191403081914032,0.7157360406091371,0.5673758865248227,0.5915492957746479,0.8101460415065334
54,0.14438657239079475,0.46008096138636273,0.824195938289898,0.7518989025270756,6018,0.8344947735191637,0.8864833235810415,0.8081198646689222,0.8100840336134455,0.7082352941176471,0.5714285714285714,0.588235294117647,0.8081100651701665
55,0.1424963355064392,0.44969088832537335,0.8194360086767896,0.7448151144687742,6070,0.8322496749024706,0.8828193832599119,0.8025108643167551,0.811522633744856,0.6757990867579908,0.5673758865248227,0.5714285714285714,0.8148148148148148
56,0.14072959162294865,0.4697415630022685,0.8266256515423397,0.7529927283446434,6248,0.83892068683565,0.8900255754475703,0.8093346573982125,0.8141732283464567,0.6769596199524941,0.6074074074074074,0.5714285714285713,0.8156920799407845
57,0.13731756433844566,0.4811842441558838,0.8218676432121371,0.7575945588385754,6014,0.8395378690629012,0.8800471559092249,0.8065153010858835,0.8054882970137207,0.6735395189003437,0.6721311475409837,0.5669291338582677,0.8165680473372781
58,0.133108414337039,0.46792470415433246,0.8219492798444817,0.7535827491448428,5862,0.8321616871704746,0.8791013892994383,0.8085728202630298,0.8096774193548386,0.6970091027308193,0.6176470588235294,0.5757575757575758,0.8087349397590362
59,0.13378006406128407,0.47382742166519165,0.8248239436619718,0.7547477857475651,5905,0.834061135371179,0.8831321754489255,0.8088235294117647,0.8128930817610063,0.7080291970802919,0.6106870229007634,0.5669291338582677,0.8134270101483215
60,0.12925499640405178,0.4763001501560211,0.8236453201970445,0.7609091461977326,5710,0.8359649122807018,0.8747384155455904,0.8160696999031946,0.8053691275167785,0.6921052631578947,0.6349206349206349,0.6119402985074627,0.8161648177496038
61,0.12901872545480728,0.4919421474138896,0.8211713665943601,0.7417157894214184,6070,0.8302375809935205,0.887017136218414,0.8029197080291971,0.8179631114675221,0.6840855106888362,0.5359477124183006,0.5666666666666667,0.8088888888888889
62,0.1274050660431385,0.47551673650741577,0.817987533392698,0.7426320966123681,5775,0.8318042813455657,0.8753744757339724,0.8046989720998532,0.8077571669477235,0.6932989690721648,0.5735294117647058,0.5466666666666667,0.8079268292682927
63,0.12768074907362462,0.4772679607073466,0.8228492536025542,0.745823765870188,6134,0.8373879641485276,0.8871870397643593,0.813640730067243,0.8126482213438735,0.6722288438617402,0.5479452054794521,0.5874125874125874,0.8081395348837208
64,0.12457460090517998,0.5110330979029337,0.8297688858226976,0.761377238703214,6141,0.8400168847615027,0.8899741453605285,0.8143599433160132,0.8194888178913737,0.7003792667509481,0.656,0.5645161290322581,0.806282722513089
65,0.12317706421017646,0.4979604184627533,0.8211944001417686,0.742922278269192,5831,0.8366988586479368,0.8810939357907253,0.80859375,0.8195121951219513,0.6811594202898552,0.5342465753424658,0.5734265734265734,0.8086469175340273
66,0.12015574723482132,0.490144024292628,0.8270440251572326,0.7536731378657645,5993,0.8360797918473547,0.8831473869641809,0.8154789995280792,0.8206388206388207,0.6954377311960542,0.5820895522388059,0.576,0.8205128205128205
67,0.11985421665012837,0.5254088342189789,0.8197892480800143,0.7497552821064337,5743,0.8309734513274336,0.8730538922155688,0.8139873725109276,0.8086164043082023,0.681757656458056,0.64,0.5390070921985816,0.8106463878326997
68,0.11774968951940537,0.5214781065781912,0.815647564208025,0.748459750090211,5486,0.817810086324398,0.8706948640483384,0.8033040784718638,0.8116938950988822,0.6770981507823612,0.6190476190476191,0.5757575757575758,0.81227173119065
69,0.1164651546627283,0.5069750845432281,0.8205219559989313,0.7520333524833112,5772,0.8286852589641434,0.8808962264150944,0.7988077496274217,0.8087986463620982,0.6895705521472392,0.6015037593984962,0.5864661654135339,0.8215384615384616
70,0.11458248533308506,0.49346404274304706,0.830188679245283,0.7675107989705572,6046,0.8407005838198498,0.8855721393034826,0.8201033348990135,0.8173076923076923,0.7099236641221374,0.6507936507936508,0.6086956521739131,0.8069896743447181
71,0.11368996165692806,0.5331087013085684,0.8277015135515663,0.7613546197189149,5909,0.840085287846482,0.8869565217391304,0.8043158410985777,0.8192567567567568,0.6905940594059405,0.6666666666666665,0.5666666666666667,0.8162951575710992
72,0.11190261356532574,0.5145763456821442,0.8195078299776286,0.7575118020552289,5720,0.83061049011178,0.8719475878499108,0.8020253164556962,0.8065573770491804,0.7128463476070529,0.6333333333333333,0.5954198473282443,0.8073541167066347
73,0.11107553504407405,0.5261886616547903,0.8189593727726301,0.7486322179647131,5769,0.821396993810787,0.8804056069191769,0.8096459722934839,0.8122545168892381,0.6897435897435897,0.6060606060606062,0.5671641791044776,0.802386278896346
74,0.10673531144857407,0.52299831310908,0.8302187583030732,0.7625239417129078,5836,0.8442906574394464,0.885487194583456,0.8137592137592138,0.8142741281427412,0.7116883116883116,0.6341463414634148,0.5797101449275361,0.8168355416991426
75,0.10673195272684097,0.5310069521268209,0.8247675846342746,0.760237995281462,5947,0.8314410480349346,0.8849868305531169,0.8124383020730502,0.8094079480940796,0.6790266512166859,0.6608695652173913,0.5806451612903226,0.8230884557721139
76,0.10643357075750828,0.5249616901079813,0.8266807648250948,0.758905899408705,5894,0.8271604938271606,0.8910034602076125,0.8092656481025136,0.8156606851549755,0.7051114023591087,0.6349206349206349,0.5797101449275361,0.8084147257700977
77,0.10469593629240989,0.5728397866090139,0.8266713830916165,0.7441777626064958,5853,0.8426483233018057,0.8849868305531169,0.8145663632007667,0.8159203980099502,0.6991643454038998,0.5161290322580645,0.5714285714285714,0.8085782366957904
78,0.10435918271541596,0.5588486393292745,0.8244628688597665,0.755055596557996,5762,0.8313518273888156,0.8858151854031783,0.8063397721644379,0.815550041356493,0.7016645326504481,0.6341463414634148,0.5599999999999999,0.8055770720371805
79,0.10279561579227448,0.5597516794999441,0.825725406935598,0.7558891908848859,5849,0.8358466178371391,0.8839127872716558,0.8067146282973622,0.8143213988343048,0.705563093622795,0.6290322580645161,0.5578231292517007,0.8138996138996138
80,0.10048980265855789,0.5693909823894501,0.8225169052428207,0.7559892662808605,5932,0.8328240942819729,0.8846380223660978,0.8094768015794668,0.800328677074774,0.7048780487804878,0.6446280991735537,0.5714285714285713,0.7997118155619596
81,0.10321591570973396,0.5585218469301859,0.8270423533581428,0.7669035300360691,5831,0.8342757720748151,0.8834464443788729,0.8160469667318982,0.814935064935065,0.707196029776675,0.6842105263157895,0.5891472868217055,0.8059701492537313
82,0.10103749334812165,0.5764485001564026,0.8251760410327741,0.7371989869961153,6048,0.8423289417764556,0.8920863309352518,0.8047808764940239,0.8157683024939663,0.7003891050583657,0.5,0.5413533834586466,0.8008849557522124
83,0.09873353838920593,0.581177830696106,0.830238493355628,0.7578965504347193,5908,0.8402569593147752,0.8906976744186046,0.8173076923076923,0.816260162601626,0.7014725568942436,0.6029411764705882,0.5873015873015873,0.8069345941686368
84,0.09773381054401398,0.5746881365776062,0.828730256772258,0.7570338261729941,5878,0.8426966292134832,0.8898601398601399,0.8120300751879699,0.815873015873016,0.6867627785058978,0.65,0.5511811023622047,0.8078668683812407
85,0.09687715880572796,0.605469266573588,0.8201255572741335,0.7653788124795683,5536,0.8223534756928669,0.8766876687668766,0.8028455284552847,0.8113050706566917,0.6965699208443272,0.7358490566037735,0.5691056910569104,0.8083140877598152
86,0.09549017325043678,0.556786318620046,0.8253436728939021,0.7554700416217797,5893,0.8429541595925297,0.8807829181494662,0.8092428711897738,0.8225674570727719,0.6812903225806451,0.6060606060606062,0.5899280575539569,0.8109339407744874
87,0.095889812707901,0.5849846402804056,0.826943185779017,0.7555735284426424,6021,0.8408023900981648,0.8854561352375401,0.813314037626628,0.814935064935065,0.7157107231920199,0.6106870229007634,0.5633802816901409,0.800302571860817
88,0.09508563950657845,0.5783500373363495,0.8264315611363434,0.7661238277816383,5774,0.8307826847398339,0.8815054395765952,0.8088309081786252,0.830997526793075,0.7099236641221374,0.6722689075630252,0.5891472868217055,0.8055342044581092
89,0.09333777613937855,0.5988914171854655,0.828519385896435,0.7447474380744333,6074,0.8476150274377374,0.8918051910177895,0.8146736541210101,0.8235294117647058,0.6966580976863753,0.5290322580645161,0.5508982035928144,0.8037676609105181
90,0.09301471710205078,0.5778694152832031,0.8245956993069132,0.7707156296713091,5799,0.8318739054290719,0.8774962742175857,0.8129770992366413,0.8164291701592623,0.7137150466045272,0.7155963302752294,0.5985401459854015,0.7990970654627539
91,0.09147555492818356,0.5668014089266459,0.8260792639773532,0.7523678656689246,5849,0.8358466178371391,0.8846380223660978,0.8120078740157481,0.812395309882747,0.7087011349306432,0.5797101449275363,0.5694444444444445,0.8161993769470406
92,0.09193828068673611,0.5972303549448649,0.8185238265854533,0.750303077095854,5709,0.8281591604722344,0.8820208023774145,0.7875700458481915,0.8101472995090016,0.7076923076923077,0.6201550387596898,0.5645161290322581,0.8021638330757341
93,0.0897022794932127,0.6174260179201762,0.8239921337266469,0.7668919722221093,5732,0.8366812227074236,0.8774962742175857,0.805896805896806,0.8178861788617886,0.7108280254777071,0.6964285714285713,0.5866666666666667,0.8032520325203252
94,0.08860699497163296,0.6343711415926615,0.8299762512094291,0.7631788138256874,5914,0.8405672539750753,0.88921198022681,0.8124383020730502,0.8218527315914489,0.7052631578947368,0.6201550387596898,0.6106870229007635,0.8052550231839258
95,0.08933272548019885,0.608944296836853,0.8250310228682858,0.76578586837603,5827,0.8336989907854322,0.8810650887573965,0.8117647058823529,0.8056478405315614,0.713235294117647,0.6964285714285713,0.576,0.808446455505279
96,0.08665928915143013,0.6161901950836182,0.8227300802964793,0.7462540310525634,5878,0.8386254893431927,0.8826151560178306,0.8055555555555555,0.814935064935065,0.7075351213282248,0.5714285714285714,0.5466666666666667,0.8026706231454006
97,0.08752620816230774,0.6328938404719034,0.8302950242184058,0.7497771421892356,5900,0.8435897435897435,0.8904982618771726,0.8140803173029251,0.8170144462279294,0.7052631578947368,0.5839416058394161,0.532258064516129,0.8115715402658328
98,0.08794519305229187,0.6210696498552958,0.8285465622280244,0.757962187561866,6035,0.8360375747224595,0.8900554097404492,0.811566265060241,0.8213114754098362,0.7177522349936143,0.5970149253731344,0.5864661654135339,0.8034934497816594
99,0.0861799631267786,0.6255502104759216,0.8246278516691623,0.7555938341760173,5898,0.837732583297274,0.8826125330979699,0.8025729836714498,0.815359477124183,0.7082833133253301,0.6106870229007634,0.5714285714285714,0.8160741885625964
100,0.08331881649792194,0.6428619821866354,0.8213323756509248,0.7531592654752935,5683,0.8311461067366579,0.8807612250966399,0.8033680039623575,0.8096054888507719,0.705,0.64,0.5528455284552845,0.8025477707006369
101,0.0842772003263235,0.6285496354103088,0.8267530421080276,0.7600419795580358,5968,0.8413316039775184,0.8826125330979699,0.8084291187739464,0.820097244732577,0.7183271832718326,0.625,0.5833333333333333,0.8012048192771084
102,0.08355221413075924,0.6430748502413431,0.8233532934131736,0.7568236040019858,5901,0.8327586206896552,0.8790298728186927,0.8118518518518518,0.8072487644151566,0.7182587666263605,0.625,0.576271186440678,0.804169769173492
103,0.0839531484991312,0.6526555220286051,0.822893594400638,0.7533562479496043,5832,0.8336970755128764,0.8817835142270459,0.8035803083043263,0.8141447368421052,0.7035670356703567,0.6299212598425198,0.5546218487394957,0.8055342044581092
104,0.08202196843922138,0.658229927221934,0.8259109311740891,0.7644791977019896,5907,0.837909654561559,0.8828881714117993,0.8117591275486012,0.8110300081103,0.6959798994974875,0.6666666666666666,0.5985401459854015,0.8110599078341014
105,0.08366884887218476,0.6405082543691,0.820333512641205,0.7554496400627673,5699,0.8263579697239537,0.8794495961711037,0.7995991983967936,0.8108974358974358,0.7006211180124224,0.6349206349206349,0.578512396694215,0.8132387706855791
106,0.08082835413515568,0.6844919721285502,0.8236345758469653,0.7545812530001277,5732,0.8382923673997413,0.8865373309817753,0.7932960893854749,0.8151191454396056,0.7012987012987013,0.6611570247933886,0.5396825396825397,0.8012668250197941
107,0.08105521127581597,0.6985883911450704,0.8277644123674598,0.7648733356440307,5768,0.836458787614479,0.8818477938999111,0.8151016456921588,0.8190158465387823,0.7076101468624832,0.6446280991735537,0.60431654676259,0.8100078186082877
108,0.07981972880661488,0.6603699723879496,0.8314943949157031,0.7764245340031233,5874,0.8403653762505437,0.8838174273858922,0.8154379020286987,0.8264729620661824,0.7158671586715868,0.7079646017699115,0.6027397260273972,0.8187311178247734
109,0.07882406860589981,0.6674498915672302,0.8279541210989597,0.7643541169547668,5792,0.8333333333333333,0.8879741252572773,0.8084252758274825,0.8260511129431163,0.7068062827225131,0.6724137931034483,0.5734265734265734,0.8064024390243902
110,0.07736442163586617,0.6598349610964457,0.8228673514962038,0.7639743041281173,5740,0.834061135371179,0.8780923994038748,0.8052208835341366,0.8140293637846656,0.7055900621118012,0.6837606837606838,0.5873015873015873,0.8037383177570093
111,0.07781641744077206,0.6300656795501709,0.8311892885271724,0.7622517906245732,5972,0.8375850340136055,0.8900493182477517,0.8160401002506266,0.8283157038242475,0.7186358099878196,0.6060606060606062,0.5915492957746479,0.8097784568372804
112,0.07738454639911652,0.6829007665316263,0.8285415577626765,0.7659642379840739,6023,0.8399661303979677,0.8855316676350958,0.8130929791271349,0.812807881773399,0.7110552763819095,0.6557377049180327,0.6015037593984962,0.8080185042405552
113,0.07634466886520386,0.6386616428693136,0.8282472957523526,0.7648312651569279,5916,0.8423289417764556,0.8913486746286049,0.8062930186823991,0.8130081300813008,0.7011642949547219,0.6554621848739496,0.6081081081081081,0.8009367681498829
114,0.07755312658846378,0.6701275904973348,0.820475847152127,0.7647293039754025,5641,0.8265124555160142,0.8770149253731344,0.8034711587544666,0.8069594034797017,0.7022106631989596,0.6964285714285713,0.5985401459854015,0.806697108066971
115,0.07460138872265816,0.6556081374486288,0.8210174852824883,0.7428613855345905,5926,0.8399132321041214,0.8835838491010906,0.8058679706601467,0.8026315789473685,0.7044334975369458,0.5616438356164383,0.549618320610687,0.7951987996999249
116,0.07573411874473095,0.7095400889714559,0.8211586901763224,0.7402411548856711,5661,0.8405672539750753,0.8812056737588652,0.8030927835051547,0.81438127090301,0.6992084432717678,0.5153374233128835,0.5714285714285714,0.7967078189300411
117,0.07608340829610824,0.701641857624054,0.821851884858747,0.756233990614773,5766,0.838512035010941,0.8730873087308729,0.8117073170731707,0.8164983164983165,0.7069182389937106,0.6290322580645161,0.5777777777777778,0.7963386727688788
118,0.07536721602082253,0.7113793690999349,0.821103374397429,0.7464899417739838,5747,0.8246869409660107,0.8833382309726712,0.8096192384769539,0.8101472995090016,0.6994949494949495,0.6141732283464566,0.528,0.8024596464258262
119,0.07527434825897217,0.6755994955698649,0.8249597711424995,0.7669304393519647,5731,0.8338368580060423,0.88141592920354,0.8064516129032258,0.815485996705107,0.7122940430925222,0.6779661016949153,0.6060606060606061,0.8019323671497584
120,0.0749137356877327,0.6968555251757304,0.8225154861298143,0.765207327105177,5684,0.836173001310616,0.8804056069191769,0.8056968463886064,0.8016736401673641,0.7035670356703567,0.7079646017699115,0.5846153846153846,0.8015625
121,0.07195843495428562,0.7015302578608195,0.824426111908178,0.7589175047864911,5697,0.8342059336823734,0.886217008797654,0.7995889003083246,0.8094848732624694,0.7202072538860104,0.6093749999999999,0.6119402985074627,0.8003207698476342
122,0.0725309632718563,0.6832455396652222,0.8269820411738941,0.7477756862900007,5960,0.8407155025553662,0.8915451895043733,0.8117477130476649,0.8179591836734693,0.7168831168831169,0.5633802816901409,0.5503355704697986,0.7896389324960754
123,0.07202156018465758,0.7240054607391357,0.8215403882279274,0.7609758789975988,5724,0.8300884955752212,0.8807887660591575,0.80990099009901,0.8072787427626138,0.6934023285899094,0.6964285714285713,0.5714285714285714,0.7984905660377359
124,0.07169140055775643,0.7161742250124613,0.8297572986282096,0.7586717191635106,5917,0.8401551055579491,0.8881789137380192,0.8160696999031946,0.8165975103734441,0.7250000000000001,0.6060606060606062,0.5735294117647058,0.8037825059101655
125,0.07221355400979519,0.732776959737142,0.8252635340360907,0.754108575815818,5739,0.8372294372294372,0.886410331670091,0.8075396825396826,0.8074011774600504,0.6960000000000001,0.65,0.5413533834586466,0.8069345941686368
126,0.07159639894962311,0.7392499645551046,0.8273362213774202,0.7636384767401359,5856,0.8350427350427351,0.8900523560209425,0.808743169398907,0.806694560669456,0.7061855670103093,0.6902654867256638,0.5669291338582677,0.8051948051948052
127,0.07128843925893306,0.7129419843355814,0.8230269596939229,0.7541586632502602,5784,0.8349344978165939,0.8820935019112026,0.8007948335817187,0.8103727714748784,0.6918918918918919,0.6504065040650406,0.5511811023622047,0.8115942028985509
128,0.0695763397961855,0.7295465668042501,0.8241367034531861,0.7614732088385687,5781,0.8348664038545773,0.8824049513704687,0.8062015503875969,0.808970099667774,0.7035573122529645,0.6842105263157895,0.5691056910569104,0.802469135802469
129,0.06922540329396724,0.7410455743471781,0.8291050035236083,0.7636588022467542,5897,0.8453695836873407,0.8906882591093118,0.8042274786109713,0.8107667210440457,0.7045454545454545,0.6666666666666666,0.5801526717557253,0.8068535825545171
130,0.06710507664829493,0.7598169843355814,0.819866834622998,0.7570701293818333,5659,0.8277404921700224,0.8792643132601602,0.801015228426396,0.8062142273098937,0.7012987012987013,0.672566371681416,0.5669291338582677,0.8015325670498085
131,0.07021776791661978,0.7041705846786499,0.8276593863294721,0.7531472289047774,5854,0.843560933448574,0.8831706595681751,0.8149587178241865,0.8198347107438018,0.7069408740359897,0.625,0.5271317829457365,0.8045801526717556
132,0.0702134108170867,0.7444877823193868,0.829062829062829,0.7554210494155492,5941,0.8474721508140531,0.8853984874927284,0.8147788040836169,0.8220757825370675,0.711340206185567,0.5954198473282442,0.5714285714285713,0.7954545454545455
133,0.06859697252511979,0.7543296019236246,0.8303089315747544,0.7598491892853738,5842,0.8464483198638878,0.8831706595681751,0.8172983479105927,0.8262987012987012,0.7054054054054054,0.64,0.5573770491803278,0.8027950310559007
134,0.06679162848740816,0.7135355869928995,0.8248831355627472,0.7601886871649868,5669,0.8263950398582817,0.8849765258215962,0.8124373119358074,0.8184143222506393,0.6990801576872537,0.6504065040650406,0.5873015873015873,0.8024980483996879
135,0.06671598590910435,0.7454862197240194,0.8296479745268,0.7673534538310816,5851,0.8455631399317405,0.8856218759188474,0.811623246492986,0.813953488372093,0.7116564417177914,0.6846846846846846,0.5755395683453237,0.8101851851851852
136,0.06817061994224786,0.7800249258677164,0.834025262785973,0.767134998970964,5866,0.8486416558861579,0.8927841075080338,0.8124076809453471,0.8248407643312102,0.7129750982961992,0.6299212598425198,0.6060606060606061,0.8094488188976379
137,0.06567458119243383,0.7174035906791687,0.8242533936651584,0.7594887239603807,5595,0.8391608391608392,0.8768267223382046,0.813627254509018,0.811864406779661,0.7006711409395973,0.65,0.5853658536585366,0.7983935742971888
138,0.06403574980795383,0.7914712230364481,0.8249110320284698,0.7543875078461044,5785,0.8346456692913385,0.8828193832599119,0.811377245508982,0.8109854604200324,0.7148288973384029,0.6290322580645161,0.5517241379310344,0.7996870109546166
139,0.06560191847383975,0.7463703552881876,0.8310662571303203,0.7630498689521765,5940,0.8437761069340016,0.8926815157651142,0.8125,0.8154713940370669,0.7253333333333333,0.64,0.5815602836879432,0.7930763178599527
140,0.06557655427604914,0.7508752147356669,0.8301022206556221,0.7601452634740502,5893,0.8465788355291118,0.8897888342493492,0.8037190082644629,0.8190008190008191,0.7220843672456575,0.5797101449275363,0.6141732283464568,0.8061068702290076
141,0.06442328728735447,0.7658193906148275,0.8232999379377605,0.7538095626899064,5824,0.8360297332750328,0.8856806128461991,0.8118518518518518,0.7941653160453809,0.6959798994974875,0.65,0.5546218487394957,0.8021472392638037
142,0.06531009878963231,0.7420565088589987,0.8176905062150964,0.7560398367164296,5647,0.8262617239839214,0.8796185935637664,0.7920081967213115,0.8042588042588044,0.7128205128205127,0.6290322580645161,0.6074074074074075,0.7969111969111969
143,0.06307658646255732,0.7845536470413208,0.8236983842010772,0.7576072860014016,5685,0.8309178743961353,0.884433962264151,0.8054435483870969,0.8166666666666668,0.7114624505928854,0.6495726495726496,0.5692307692307692,0.7931303669008586
144,0.06318267211318015,0.7521900335947672,0.817718755684919,0.7422782191650756,5539,0.8306595365418894,0.8779035139964264,0.7921609076843735,0.8062654575432812,0.7041499330655958,0.5735294117647058,0.55,0.803556992724333
145,0.061868810281157496,0.8120037913322449,0.8274395107684126,0.7567162642776641,5828,0.8436018957345971,0.8843096850161907,0.8062248995983936,0.8226600985221675,0.7194805194805195,0.5599999999999999,0.6131386861313868,0.8043143297380586
146,0.06263300348073245,0.7787987391153971,0.8226082260822608,0.7564844882360368,5656,0.8318661971830985,0.876835480970932,0.8072471061902365,0.8243130724396336,0.7176165803108809,0.6046511627906977,0.5915492957746479,0.7977970102281668
147,0.06170523948967457,0.7964243491490682,0.8357262397604157,0.7729221718988822,5898,0.8504473796335748,0.8955568378534332,0.820686321894635,0.8247588424437299,0.6907073509015256,0.6842105263157895,0.6176470588235293,0.7993630573248408
148,0.06233332697302103,0.7973315715789795,0.8218859138533178,0.7534913909522406,5712,0.8339285714285715,0.8779035139964264,0.8089887640449439,0.8082545141874462,0.7017114914425427,0.5925925925925926,0.5925925925925926,0.8119590873328087
149,0.060501763597130775,0.8216068347295126,0.833702097530755,0.7613914868651879,5844,0.8512256973795436,0.8897316219369895,0.8188188188188189,0.8258064516129031,0.7029177718832891,0.6551724137931034,0.5439999999999999,0.8034591194968552
150,0.060083298943936825,0.8299208084742228,0.8215246636771301,0.7479889121693197,5695,0.8405923344947736,0.8777876895628902,0.8075117370892019,0.8118143459915611,0.7082294264339153,0.5333333333333333,0.6074074074074075,0.7972350230414746
151,0.060753279365599155,0.7777865330378214,0.8297777381058646,0.7627035893626368,5748,0.8427454387489139,0.8862629246676516,0.8146292585170339,0.815422477440525,0.7161803713527851,0.6554621848739496,0.5669291338582677,0.8039969254419678
152,0.05938810613006353,0.7924535671869913,0.8256414747350908,0.7659772301481432,5964,0.83742992669254,0.8884369552585707,0.8044530493707647,0.8105004101722723,0.7037037037037036,0.6842105263157895,0.6000000000000001,0.799083269671505
153,0.05934794601052999,0.8125811616579691,0.8168988436674861,0.7475442921452837,5528,0.821656050955414,0.8728813559322034,0.8064353946706887,0.812395309882747,0.6917900403768507,0.6190476190476191,0.5546218487394957,0.8015267175572519
154,0.05976654067635536,0.8446766138076782,0.825399644760213,0.7507233710524773,5805,0.838095238095238,0.886217008797654,0.8154296875,0.8109000825763832,0.698539176626826,0.5839416058394161,0.5755395683453237,0.7971246006389776
155,0.05919773317873478,0.7963391343752543,0.8255258971186141,0.7412021246138535,5859,0.8385689354275742,0.8890186915887851,0.8094519859225742,0.8172217709179529,0.7068965517241379,0.5379310344827586,0.5299145299145299,0.8006134969325154
156,0.05958747565746307,0.8033945361773173,0.8223672285662498,0.7623856795505779,5579,0.8352422907488987,0.8811021263851452,0.7999999999999999,0.8056013179571665,0.7054263565891473,0.6666666666666666,0.6031746031746033,0.8018720748829953
157,0.058043735846877095,0.8389363686243693,0.8287253776168182,0.7620379842455263,5866,0.8451063829787233,0.8855633802816901,0.812133072407045,0.8155970755483347,0.7139240506329114,0.6610169491525424,0.562962962962963,0.8
158,0.05791337601840496,0.7850444714228312,0.8271350479433642,0.7684901765659413,5704,0.8418300653594771,0.882543420665293,0.80982800982801,0.8255813953488372,0.7022696929238986,0.7037037037037037,0.59375,0.7884151246983107
159,0.059632292576134206,0.8352105021476746,0.8268355785529486,0.759144787440518,5754,0.8355437665782494,0.8879765395894429,0.8119783996072655,0.8142031379025598,0.7084967320261437,0.625,0.5909090909090909,0.7990506329113923
160,0.05813129898160696,0.7733830014864603,0.8244111349036403,0.7532178701826729,5753,0.8347978910369069,0.8832788832788833,0.8118712273641852,0.813614262560778,0.695201037613489,0.6201550387596898,0.5619834710743802,0.8048411497730712
161,0.058288883231580255,0.8196061650911967,0.8234134098243099,0.7610478588117511,5701,0.8358340688437775,0.8769507803121248,0.816468253968254,0.8116182572614107,0.7095046854082998,0.6554621848739496,0.5909090909090909,0.7916355489171023
162,0.05702981054782867,0.8441058397293091,0.8250772626931568,0.7504871492667824,5870,0.8365674859853386,0.888888888888889,0.802611752887996,0.8218954248366013,0.7144592952612394,0.5735294117647058,0.5736434108527131,0.7923015236567763
163,0.058000607416033745,0.7895666360855103,0.8287797592901696,0.7551527248830041,5928,0.8404570461278036,0.8884321785085144,0.8197507190795781,0.8212801330008312,0.7106598984771574,0.5777777777777777,0.588235294117647,0.7946287519747236
164,0.05819575898349285,0.8576787114143372,0.8266083150984682,0.7503360356201467,5970,0.8432114333753679,0.8906432748538011,0.8096618357487922,0.8119935170178283,0.6906666666666667,0.5793103448275861,0.578125,0.7990762124711317
165,0.05621802993118763,0.7929261922836304,0.8267260579064589,0.7525623463438575,5770,0.8428446005267779,0.8867141162514829,0.813610970035551,0.8238133547868062,0.7072879330943846,0.5874125874125875,0.564885496183206,0.7939297124600638
166,0.05609566401690245,0.8520540197690328,0.8220369699166366,0.7616998621693073,5581,0.8296557811120918,0.8796902918403812,0.8058203712995484,0.8020654044750432,0.7041095890410959,0.7027027027027026,0.564885496183206,0.8046692607003891
167,0.055448447540402415,0.8365960121154785,0.8219978746014878,0.7588280870985984,5837,0.8406047516198704,0.8800475059382422,0.8056640625,0.8019720624486443,0.7026348808030113,0.64,0.6046511627906977,0.7950502706883218
168,0.056256013549864294,0.8229424556096395,0.8249110320284698,0.7641154297271141,5785,0.8387942332896462,0.8877131099353321,0.8015992003998001,0.8116410670978172,0.6989528795811519,0.6779661016949153,0.6015037593984962,0.7947530864197531
169,0.05628109686076641,0.8149073719978333,0.8273329751029911,0.7653120807899906,5711,0.835717381881231,0.8884976525821597,0.8055130168453292,0.8156606851549755,0.7183673469387755,0.6722689075630252,0.5899280575539569,0.7965435978004713
170,0.05566340982913971,0.8193109631538391,0.8232441171187354,0.7673452798971483,5679,0.836779586449626,0.8823880597014925,0.7964966512107161,0.8067361668003209,0.7198007471980075,0.6779661016949153,0.6176470588235293,0.8009478672985783
171,0.054984028451144695,0.8625682393709818,0.8285305172722391,0.7666206978502301,5719,0.8397548161120839,0.8893491124260355,0.808295397066262,0.8033333333333333,0.7159235668789811,0.6666666666666666,0.5985401459854015,0.8111025443330764
172,0.05269363541156054,0.8147493203481039,0.826699760659516,0.7584193756974047,5826,0.840017248814144,0.8878477306002928,0.8052208835341366,0.8135593220338984,0.7072243346007604,0.6290322580645161,0.5797101449275361,0.8047430830039527
173,0.05360569301992655,0.8301038146018982,0.8252461951656221,0.768742336679816,5715,0.8314904909332154,0.8849765258215962,0.808910891089109,0.8036758563074353,0.7265625000000001,0.6964285714285713,0.6029411764705882,0.7949526813880127
174,0.053562782146036624,0.8529505928357443,0.8205035646602291,0.7612430298844577,5626,0.8278291501541172,0.8768267223382046,0.8016153457849571,0.8043478260869565,0.7172774869109948,0.6956521739130435,0.5645161290322581,0.8018794048551292
175,0.05244376640766859,0.8501834472020467,0.8212833657415591,0.758751086065562,5859,0.8365217391304348,0.8819875776397514,0.8086785009861933,0.8006535947712418,0.6908212560386473,0.6785714285714285,0.5755395683453237,0.7972350230414746
176,0.05345227010548115,0.8487383524576823,0.8218912487882261,0.7486009981219817,5892,0.8394097222222223,0.8849557522123894,0.8067226890756304,0.8085106382978723,0.6919315403422983,0.6060606060606062,0.5581395348837208,0.7930775018811138
177,0.052913714200258255,0.8095421393712362,0.8259252700548965,0.7521298955190197,5839,0.8371490280777537,0.8844574780058652,0.8176904176904177,0.8029801324503312,0.7030456852791879,0.64,0.5245901639344263,0.8071262587141751
178,0.053058618865907195,0.8718134959538778,0.8236235880103175,0.7533987732333032,5788,0.8398079441292011,0.88525564803805,0.8040201005025126,0.8122977346278317,0.7155279503105592,0.6106870229007634,0.5673758865248227,0.7922178988326849
179,0.05225173085927963,0.885444720586141,0.8258018784334574,0.764355123038083,5831,0.8363004776378636,0.8812555522653243,0.8111273792093704,0.8161943319838058,0.7090216010165183,0.6611570247933886,0.5954198473282443,0.804364770070148
180,0.05213643591850996,0.9002963503201803,0.8249417667084752,0.7653680872806161,5707,0.8299737072743207,0.8812351543942992,0.8081308874566188,0.8178001679261124,0.7187894073139974,0.6779661016949153,0.5846153846153846,0.8044338875692794
181,0.0528143260627985,0.8727201620737711,0.8205545019416599,0.7507672532763987,5618,0.8299866131191432,0.8766136295406786,0.8102040816326531,0.8076923076923077,0.7112232030264818,0.6060606060606062,0.5625,0.8018575851393189
182,0.053793708048760894,0.8558645645777384,0.8237300305151679,0.7579190378869893,5687,0.8331154684095861,0.8810365135453475,0.8076343545956806,0.8117359413202934,0.6983695652173914,0.6610169491525424,0.5669291338582677,0.8035143769968051
183,0.049590560421347615,0.8837199012438456,0.8232992441084925,0.7577688939943044,5790,0.840139009556907,0.8800710689961504,0.8088531187122736,0.8031620553359685,0.6930946291560102,0.6393442622950819,0.5909090909090909,0.8065779169929522
184,0.050813567265868186,0.8818082412083944,0.8250883392226148,0.7538782373070942,5865,0.8347289554869987,0.8909144369303146,0.8051307350764676,0.8184019370460048,0.6875753920386007,0.625,0.5625,0.8067744418783679
185,0.05239983685314655,0.8848216732343038,0.8252220248667851,0.7605731447829303,5805,0.841056734517107,0.881114734657575,0.806689621249385,0.8117839607201309,0.7152145643693109,0.6607142857142857,0.5692307692307692,0.7987804878048781
186,0.0502938061952591,0.8221609791119894,0.8230782949884073,0.7639998708038442,5759,0.8336951801997395,0.8822307920498367,0.8057482656095144,0.8056013179571665,0.6971279373368147,0.672566371681416,0.6119402985074627,0.803088803088803
187,0.05179228987544775,0.8717716336250305,0.8244941616899902,0.7509042167502984,5764,0.8428265524625268,0.886410331670091,0.8048289738430584,0.8101889893179951,0.6985769728331177,0.64,0.5333333333333333,0.7910685805422647
188,0.05138326790183782,0.8605865240097046,0.8223070775241986,0.7560872911776155,5806,0.8321739130434782,0.8844221105527639,0.8102862688015526,0.8033195020746888,0.6879795396419437,0.6909090909090909,0.5423728813559322,0.7972350230414746
189,0.051221951842308044,0.8690324028333029,0.8197955890263583,0.7576723237800216,5699,0.8282828282828284,0.8754469606674613,0.8052340211373932,0.8042939719240298,0.7048114434330299,0.6724137931034483,0.5669291338582677,0.8039664378337147
190,0.049495114386081694,0.9187107483545939,0.8202023852547886,0.7607816895576356,5613,0.825268817204301,0.8790419161676647,0.8030150753768844,0.8129139072847682,0.7012987012987013,0.6902654867256638,0.576,0.7984496124031006
191,0.04945711325854063,0.8687178691228231,0.8290780141843971,0.7648718368030069,5825,0.83843537414966,0.890893220832121,0.8040302267002518,0.8166259168704157,0.7106598984771574,0.6964285714285713,0.5565217391304348,0.805379746835443
192,0.0507095480337739,0.8958928386370341,0.8182151365218985,0.7525315659374785,5459,0.8223121907332432,0.8776675683799219,0.8006150691952844,0.8082191780821918,0.6907630522088354,0.6902654867256638,0.5272727272727272,0.8031372549019608
193,0.05166666451841593,0.8981470664342245,0.8235817179441579,0.7472727107835629,5791,0.8354541465555069,0.8857562408223203,0.8113669769720725,0.81053525913339,0.7075351213282248,0.5797101449275363,0.5503355704697986,0.7974882260596546
194,0.0502509705722332,0.9060841004053751,0.8245284705461696,0.7520823218985799,5732,0.8366812227074236,0.8855545748749631,0.8135932033983009,0.8039867109634552,0.7076537013801758,0.6666666666666666,0.507936507936508,0.7945859872611465
195,0.04952440671622753,0.8780885140101115,0.8233390272408523,0.7533640675572819,5668,0.8360941586748039,0.8861283643892339,0.8045409674234947,0.8111298482293423,0.6842105263157894,0.6451612903225807,0.5625,0.7971473851030111
196,0.048442702554166314,0.9125498533248901,0.8207674943566592,0.754849614406726,5620,0.8282016956715753,0.8801665179898899,0.8076343545956806,0.7986577181208054,0.7140939597315437,0.6611570247933886,0.5479452054794521,0.8009404388714734
197,0.04886733721941709,0.9089228312174479,0.8272735354253711,0.7592963116806231,5794,0.8434256055363322,0.886336866902238,0.8090328915071183,0.8125502815768303,0.6986666666666665,0.6666666666666665,0.5573770491803278,0.800314465408805
198,0.047798340767621995,0.8925771514574686,0.8194220068210376,0.7518405583396353,5687,0.8304711580801409,0.8744407992842231,0.8117237953303528,0.8079142621599341,0.7009222661396575,0.6349206349206349,0.5606060606060606,0.7937254901960784
199,0.04727842975407839,0.8761935631434122,0.82609083608459,0.7609739687084214,5752,0.8339869281045752,0.8887587822014051,0.8079067410035479,0.803645401822701,0.7159533073929961,0.6724137931034483,0.562962962962963,0.8021638330757341
200,0.04828325677663088,0.871046801408132,0.8257109744138361,0.764910867340983,5762,0.8386254893431927,0.8869257950530036,0.8016276703967445,0.8069883527454242,0.7057324840764331,0.7169811320754716,0.556390977443609,0.806015037593985
