bad_delta_vs_baseline,bad_randomness_ap,bad_randomness_f1,bad_randomness_fn,bad_randomness_fp,bad_randomness_tp,checkpoint_tag,detection_f1,dos_delta_vs_baseline,dos_f1,dos_fn,dos_fp,dos_tp,eval_dir,front_ap,front_auc,front_delta_vs_baseline,front_f1,front_fn,front_fp,front_fp_access_control,front_fp_confounder_any,front_fp_no_confounder,front_fp_reentrancy,front_fp_time_manipulation,front_precision,front_recall,front_tp,graph_evidence_attention_scale,graph_evidence_enabled,graph_evidence_logit_scale,graph_evidence_scale,graph_scale,macro_delta_vs_baseline,macro_f1,micro_delta_vs_baseline,micro_f1,rare_mean_f1,status,threshold_mode,valid_front_f1,valid_macro_f1,valid_micro_f1,validation_winner,variant
-0.07541478129713419,0.4985711765800603,0.5128205128205129,32,44,40,best_micro_f1,0.9478152309612984,-0.008618858304755617,0.690176322418136,100,146,274,results/dive_graph_evidence_search/graph_scale_050/best_micro_f1,0.4927125311301805,0.9094915254237288,-0.054086538461538436,0.484375,19,47,44,45,2,29,15,0.3974358974358974,0.62,31,0.5,True,0.5,0.5,0.5,-0.017516312293661906,0.7277558720514068,-0.0035278523186185184,0.8205579512452698,0.49859775641025644,ok,fixed_0_5,0.6225165562913908,0.776158384284635,0.8326253186066269,False,graph_scale_050
-0.08500948766603411,0.4985711765800603,0.503225806451613,33,44,39,best_micro_f1,0.9478152309612984,-0.010103948194302048,0.6886912325285895,103,142,271,results/dive_graph_evidence_search/graph_scale_050/best_micro_f1,0.4927125311301805,0.9094915254237288,-0.050272562083585715,0.4881889763779527,19,46,43,44,2,28,15,0.4025974025974026,0.62,31,0.5,True,0.5,0.5,0.5,-0.01932331357484207,0.7259488707702266,-0.005482809978713643,0.8186029935851746,0.4957073914147828,ok,best_global,0.6225165562913908,0.776158384284635,0.8326253186066269,False,graph_scale_050
-0.0028694404591105283,0.4985711765800603,0.5853658536585366,36,15,36,best_micro_f1,0.9478152309612984,-0.01336066419902382,0.6854345165238678,94,163,280,results/dive_graph_evidence_search/graph_scale_050/best_micro_f1,0.4927125311301805,0.9094915254237288,-0.07577497129735933,0.4626865671641791,19,53,48,51,2,34,19,0.36904761904761907,0.62,31,0.5,True,0.5,0.5,0.5,-0.00824228415939221,0.7370299001856765,0.003228256657437867,0.8273140602213261,0.5240262104113578,ok,per_label,0.6225165562913908,0.776158384284635,0.8326253186066269,False,graph_scale_050
-0.06409736308316427,0.517163101664678,0.5241379310344828,34,35,38,best_macro_f1,0.949479940564636,-0.006779971597416279,0.6920152091254753,101,142,273,results/dive_graph_evidence_search/graph_scale_050/best_macro_f1,0.5247789747297387,0.9137700412276684,-0.029986962190351907,0.5084745762711865,20,38,34,35,3,24,8,0.4411764705882353,0.6,30,0.5,True,0.5,0.5,0.5,-0.013412013586175053,0.7318601707588936,-0.003824652043425525,0.8202611515204628,0.5163062536528347,ok,fixed_0_5,0.6412213740458016,0.7750830302556436,0.8280479210711769,False,graph_scale_050
-0.06045751633986929,0.517163101664678,0.5277777777777778,34,34,38,best_macro_f1,0.949479940564636,-0.014857356888694717,0.6839378238341969,110,134,264,results/dive_graph_evidence_search/graph_scale_050/best_macro_f1,0.5247789747297387,0.9137700412276684,-0.021220159151193574,0.5172413793103449,20,36,32,33,3,23,7,0.45454545454545453,0.6,30,0.5,True,0.5,0.5,0.5,-0.013689192521970983,0.7315829918230977,-0.006089530602667148,0.8179962729612211,0.5225095785440613,ok,best_global,0.6412213740458016,0.7750830302556436,0.8280479210711769,False,graph_scale_050
-0.037510656436487655,0.517163101664678,0.5507246376811594,34,28,38,best_macro_f1,0.949479940564636,-0.006779971597416279,0.6920152091254753,101,142,273,results/dive_graph_evidence_search/graph_scale_050/best_macro_f1,0.5247789747297387,0.9137700412276684,-0.021220159151193574,0.5172413793103449,20,36,32,33,3,23,7,0.45454545454545453,0.6,30,0.5,True,0.5,0.5,0.5,-0.006592440106577113,0.7386797442384916,0.0009248302089742699,0.8250106337728625,0.5339830084957522,ok,per_label,0.6412213740458016,0.7750830302556436,0.8280479210711769,False,graph_scale_050
-0.042780748663101664,0.5488475264590743,0.5454545454545454,30,40,42,best_micro_f1,0.945219123505976,-0.018000478736136638,0.680794701986755,117,124,257,results/dive_graph_evidence_search/graph_scale_100/best_micro_f1,0.5111161560628142,0.9207695831424645,-0.10050533408197637,0.43795620437956206,20,57,53,54,3,40,22,0.3448275862068966,0.6,30,1.0,True,1.0,1.0,1.0,-0.023172701420768105,0.7220994829243006,-0.007291910434117144,0.8167938931297711,0.49170537491705374,ok,fixed_0_5,0.6382978723404256,0.7815521748392734,0.8305306264703319,False,graph_scale_100
-0.04977375565610864,0.5488475264590743,0.5384615384615384,30,42,42,best_micro_f1,0.945219123505976,-0.01554910742446225,0.6832460732984293,113,129,261,results/dive_graph_evidence_search/graph_scale_100/best_micro_f1,0.5111161560628142,0.9207695831424645,-0.10989010989010989,0.42857142857142855,20,60,56,57,3,42,22,0.3333333333333333,0.6,30,1.0,True,1.0,1.0,1.0,-0.023839028214009073,0.7214331561310596,-0.006183214709127416,0.8179025888547609,0.48351648351648346,ok,best_global,0.6382978723404256,0.7815521748392734,0.8305306264703319,False,graph_scale_100
-0.023017902813299296,0.5488475264590743,0.5652173913043478,33,27,39,best_micro_f1,0.945219123505976,-0.012570690926973271,0.6862244897959183,105,141,269,results/dive_graph_evidence_search/graph_scale_100/best_micro_f1,0.5111161560628142,0.9207695831424645,-0.07446153846153841,0.464,21,46,42,43,3,31,17,0.38666666666666666,0.58,29,1.0,True,1.0,1.0,1.0,-0.015463947916269705,0.729808236428799,-0.003269512553532361,0.8208162910103559,0.5146086956521739,ok,per_label,0.6382978723404256,0.7815521748392734,0.8305306264703319,True,graph_scale_100
-0.06474536123174113,0.5228452871310318,0.523489932885906,33,38,39,best_macro_f1,0.9509489770766576,-0.02824803287655875,0.6705471478463328,86,197,288,results/dive_graph_evidence_search/graph_scale_100/best_macro_f1,0.5092669245908169,0.9333027943197435,-0.12669683257918546,0.411764705882353,22,58,53,55,3,40,19,0.32558139534883723,0.56,28,1.0,True,1.0,1.0,1.0,-0.02834622571185008,0.7169259586332186,-0.006248193130569013,0.8178376104333193,0.4676273193841295,ok,fixed_0_5,0.6423357664233577,0.7784258533907471,0.8248735391592534,False,graph_scale_100
-0.04656862745098045,0.5228452871310318,0.5416666666666666,33,33,39,best_macro_f1,0.9509489770766576,-0.01580864461518039,0.6829865361077112,95,164,279,results/dive_graph_evidence_search/graph_scale_100/best_macro_f1,0.5092669245908169,0.9333027943197435,-0.10769230769230764,0.4307692307692308,22,52,47,49,3,35,16,0.35,0.56,28,1.0,True,1.0,1.0,1.0,-0.02348239063350288,0.7217897937115658,-0.007517756226610217,0.8165680473372781,0.4862179487179487,ok,best_global,0.6423357664233577,0.7784258533907471,0.8248735391592534,False,graph_scale_100
-0.026251823043266898,0.5228452871310318,0.5619834710743802,38,15,34,best_macro_f1,0.9509489770766576,-0.022479391249207392,0.6763157894736842,117,129,257,results/dive_graph_evidence_search/graph_scale_100/best_macro_f1,0.5092669245908169,0.9333027943197435,-0.09218054672600118,0.44628099173553726,23,44,39,41,3,29,9,0.38028169014084506,0.54,27,1.0,True,1.0,1.0,1.0,-0.016301832172197606,0.7289703521728711,0.00042238605392963535,0.8245081896178179,0.5041322314049588,ok,per_label,0.6423357664233577,0.7784258533907471,0.8248735391592534,False,graph_scale_100
-0.05398871877518141,0.5136083447756081,0.5342465753424657,33,35,39,best_micro_f1,0.9480712166172107,-0.009227750697446302,0.6895674300254453,103,141,271,results/dive_graph_evidence_search/graph_scale_150/best_micro_f1,0.47346917707018754,0.9048648648648648,-0.06517909571344688,0.47328244274809156,19,50,44,47,3,35,16,0.38271604938271603,0.62,31,1.5,True,1.5,1.5,1.5,-0.013210356956378178,0.7320618273886905,-9.691274632195324e-05,0.8239888908175663,0.5037645090452786,ok,fixed_0_5,0.6370370370370371,0.776025493159148,0.8296488946684006,False,graph_scale_150
-0.04656862745098045,0.5136083447756081,0.5416666666666666,33,33,39,best_micro_f1,0.9480712166172107,-0.011536493464204267,0.6872586872586873,107,136,267,results/dive_graph_evidence_search/graph_scale_150/best_micro_f1,0.47346917707018754,0.9048648648648648,-0.06517909571344688,0.47328244274809156,19,50,44,47,3,35,16,0.38271604938271603,0.62,31,1.5,True,1.5,1.5,1.5,-0.013497652645714231,0.7317745316993545,-0.0015263789520121307,0.8225594246118761,0.5074745547073791,ok,best_global,0.6370370370370371,0.776025493159148,0.8296488946684006,False,graph_scale_150
-0.08417025346724061,0.5136083447756081,0.5040650406504065,41,20,31,best_micro_f1,0.9480712166172107,-0.013899347389558336,0.6848958333333333,111,131,263,results/dive_graph_evidence_search/graph_scale_150/best_micro_f1,0.47346917707018754,0.9048648648648648,-0.07692307692307693,0.4615384615384615,23,40,36,38,2,27,11,0.40298507462686567,0.54,27,1.5,True,1.5,1.5,1.5,-0.018868220017643877,0.7264039643274248,0.001477588832464738,0.825563392396353,0.482801751094434,ok,per_label,0.6370370370370371,0.776025493159148,0.8296488946684006,False,graph_scale_150
-0.07789046653144016,0.5246562214887536,0.5103448275862069,35,36,37,best_macro_f1,0.9512680258577823,-0.016235582228537715,0.6825595984943539,102,151,272,results/dive_graph_evidence_search/graph_scale_150/best_macro_f1,0.44787298010594445,0.905267979844251,-0.10562571756601608,0.43283582089552236,21,55,50,51,4,36,18,0.34523809523809523,0.58,29,1.5,True,1.5,1.5,1.5,-0.023672279537199636,0.7215999048078691,-0.0026633528355251013,0.8214224507283632,0.47159032424086467,ok,fixed_0_5,0.6569343065693432,0.7803835987010491,0.8294606876446883,False,graph_scale_150
-0.06710853355426671,0.5246562214887536,0.5211267605633804,35,33,37,best_macro_f1,0.9512680258577823,-0.005392852132982129,0.6934023285899095,106,131,268,results/dive_graph_evidence_search/graph_scale_150/best_macro_f1,0.44787298010594445,0.905267979844251,-0.08884913536076328,0.44961240310077516,21,50,46,47,3,33,15,0.3670886075949367,0.58,29,1.5,True,1.5,1.5,1.5,-0.02033142257033005,0.7249407617747387,-0.0036940581983758713,0.8203917453655124,0.4853695818320778,ok,best_global,0.6569343065693432,0.7803835987010491,0.8294606876446883,False,graph_scale_150
-0.038235294117647145,0.5246562214887536,0.5499999999999999,39,15,33,best_macro_f1,0.9512680258577823,-0.006889175500959466,0.6919060052219321,109,127,265,results/dive_graph_evidence_search/graph_scale_150/best_macro_f1,0.44787298010594445,0.905267979844251,-0.08176862507571164,0.4566929133858268,21,48,44,45,3,31,14,0.37662337662337664,0.58,29,1.5,True,1.5,1.5,1.5,-0.013870196262387058,0.7314019880826816,0.0018492735426978157,0.8259350771065861,0.5033464566929133,ok,per_label,0.6569343065693432,0.7803835987010491,0.8294606876446883,False,graph_scale_150
